診療科名,医師匿名ID,予約名称,月,再診件数,短時間再診件数,短時間再診比率,紹介状なし再診件数,紹介状なし再診比率,診察時間中央値_再診,スコア
PICCCVポートセンター,DR_XX009,SL_0009,2025-08,57,40,0.702,57,1.0,0.0,90.1
がんゲノム,DR_ON001,SL_0088,2025-08,14,0,0.0,14,1.0,29.0,33.9
アレルギー科,DR_RS2003,SL_0061,2025-08,36,8,0.222,36,1.0,5.0,68.4
アレルギー科,DR_AL002,SL_0189,2025-08,28,5,0.179,28,1.0,7.0,64.7
アレルギー科,DR_RS2005,SL_0100,2025-08,27,3,0.111,27,1.0,7.0,62.5
アレルギー科,DR_AL001,SL_0033,2025-08,25,1,0.04,25,1.0,8.0,59.0
アレルギー科,DR_AL001,SL_0009,2025-08,1,0,0.0,1,1.0,17.0,
アレルギー科,DR_AL002,SL_0009,2025-08,2,1,0.5,2,1.0,0.0,
アレルギー科,DR_AL003,SL_0009,2025-08,1,1,1.0,1,1.0,0.0,
アレルギー科,DR_RS2003,SL_0361,2025-08,3,2,0.667,3,1.0,3.0,
アレルギー科,DR_RS2003,SL_0874,2025-08,1,0,0.0,1,1.0,9.0,
アレルギー科,DR_RS2005,SL_0009,2025-08,1,1,1.0,1,1.0,0.0,
アレルギー科,DR_RS2005,SL_0652,2025-08,2,1,0.5,2,1.0,5.5,
ソーシャルワーカー,DR_XX001,SL_0011,2025-08,100,81,0.81,100,1.0,0.0,93.7
ソーシャルワーカー,DR_XX001,SL_0009,2025-08,27,13,0.481,27,1.0,0.0,82.7
ソーシャルワーカー,DR_XX031,SL_0767,2025-08,1,0,0.0,1,1.0,,
メンタルケア科,DR_MN005,SL_0609,2025-08,12,12,1.0,12,1.0,0.0,100.0
メンタルケア科,DR_MN002,SL_0009,2025-08,101,58,0.574,101,1.0,1.0,84.7
メンタルケア科,DR_MN001,SL_0043,2025-08,107,27,0.252,107,1.0,8.0,66.0
メンタルケア科,DR_MN004,SL_0255,2025-08,67,16,0.239,67,1.0,8.0,65.6
メンタルケア科,DR_MN009,SL_0721,2025-08,49,4,0.082,49,1.0,13.0,54.7
メンタルケア科,DR_MN001,SL_0009,2025-08,2,1,0.5,2,1.0,16.5,
メンタルケア科,DR_MN001,SL_0624,2025-08,6,1,0.167,6,1.0,10.0,
メンタルケア科,DR_MN004,SL_0009,2025-08,7,2,0.286,7,1.0,27.0,
メンタルケア科,DR_MN004,SL_0545,2025-08,3,1,0.333,3,1.0,15.5,
メンタルケア科,DR_MN007,SL_0009,2025-08,1,0,0.0,1,1.0,57.0,
メンタルケア科,DR_MN007,SL_0951,2025-08,1,0,0.0,1,1.0,12.0,
メンタルケア科,DR_MN008,SL_0678,2025-08,2,2,1.0,2,1.0,0.0,
メンタルケア科,DR_MN009,SL_0763,2025-08,7,1,0.143,7,1.0,10.0,
メンタルケア科,DR_MN011,SL_0009,2025-08,1,0,0.0,1,1.0,,
メンタルケア科,DR_MN012,SL_0009,2025-08,1,0,0.0,1,1.0,,
リウマチ膠原病内科,DR_RH010,SL_0009,2025-08,12,9,0.75,12,1.0,0.5,91.1
リウマチ膠原病内科,DR_RH005,SL_0156,2025-08,29,18,0.621,29,1.0,0.0,87.4
リウマチ膠原病内科,DR_RH007,SL_0009,2025-08,40,23,0.575,40,1.0,1.5,84.1
リウマチ膠原病内科,DR_RH004,SL_0139,2025-08,91,43,0.473,91,1.0,5.0,76.8
リウマチ膠原病内科,DR_RH010,SL_0222,2025-08,106,37,0.349,106,1.0,5.0,72.7
リウマチ膠原病内科,DR_RH009,SL_0210,2025-08,195,62,0.318,195,1.0,6.0,70.5
リウマチ膠原病内科,DR_RH003,SL_0066,2025-08,112,29,0.259,112,1.0,7.0,67.4
リウマチ膠原病内科,DR_RH003,SL_0009,2025-08,19,5,0.263,19,1.0,8.0,66.4
リウマチ膠原病内科,DR_RH001,SL_0008,2025-08,37,3,0.081,37,1.0,7.0,61.5
リウマチ膠原病内科,DR_RH006,SL_0174,2025-08,164,18,0.11,164,1.0,10.0,59.0
リウマチ膠原病内科,DR_RH002,SL_0014,2025-08,32,4,0.125,32,1.0,16.5,52.2
リウマチ膠原病内科,DR_RH009,SL_0009,2025-08,12,1,0.083,12,1.0,16.0,51.4
リウマチ膠原病内科,DR_RH011,SL_0368,2025-08,14,1,0.071,14,1.0,17.0,49.8
リウマチ膠原病内科,DR_RH002,SL_0009,2025-08,9,2,0.222,9,1.0,10.0,
リウマチ膠原病内科,DR_RH002,SL_0426,2025-08,1,0,0.0,1,1.0,7.0,
リウマチ膠原病内科,DR_RH002,SL_0682,2025-08,2,0,0.0,2,1.0,13.0,
リウマチ膠原病内科,DR_RH003,SL_0526,2025-08,4,1,0.25,4,1.0,6.0,
リウマチ膠原病内科,DR_RH004,SL_0009,2025-08,2,1,0.5,2,1.0,7.0,
リウマチ膠原病内科,DR_RH005,SL_0009,2025-08,3,2,0.667,3,1.0,0.0,
リウマチ膠原病内科,DR_RH006,SL_0009,2025-08,7,0,0.0,7,1.0,24.0,
リウマチ膠原病内科,DR_RH006,SL_0611,2025-08,4,2,0.5,4,1.0,8.5,
リウマチ膠原病内科,DR_RH007,SL_0176,2025-08,2,1,0.5,2,1.0,10.0,
リウマチ膠原病内科,DR_RH008,SL_0201,2025-08,7,0,0.0,7,1.0,18.0,
リウマチ膠原病内科,DR_RH009,SL_0340,2025-08,7,2,0.286,7,1.0,17.0,
リウマチ膠原病内科,DR_RH011,SL_0009,2025-08,3,2,0.667,3,1.0,0.0,
リウマチ膠原病内科,DR_RH012,SL_0005,2025-08,3,0,0.0,3,1.0,,
リウマチ膠原病内科,DR_RH013,SL_0009,2025-08,4,0,0.0,4,1.0,7.0,
リウマチ膠原病内科,DR_RH013,SL_0596,2025-08,4,0,0.0,4,1.0,9.0,
リウマチ膠原病内科,DR_RH014,SL_0009,2025-08,1,1,1.0,1,1.0,1.0,
一般消化器外科,DR_BR005,SL_0009,2025-08,37,34,0.919,37,1.0,0.0,97.3
一般消化器外科,DR_GS011,SL_0009,2025-08,25,15,0.6,25,1.0,0.0,86.7
一般消化器外科,DR_GS001,SL_0022,2025-08,136,70,0.515,136,1.0,4.0,79.3
一般消化器外科,DR_GS002,SL_0085,2025-08,82,40,0.488,82,1.0,4.5,77.8
一般消化器外科,DR_GS006,SL_0202,2025-08,99,34,0.343,99,1.0,5.0,72.5
一般消化器外科,DR_GS018,SL_0933,2025-08,77,17,0.221,77,1.0,7.0,66.1
一般消化器外科,DR_GS014,SL_0523,2025-08,11,4,0.364,10,0.909,6.5,63.9
一般消化器外科,DR_GS016,SL_0770,2025-08,15,5,0.333,15,1.0,13.0,63.1
一般消化器外科,DR_GS003,SL_0103,2025-08,161,17,0.106,161,1.0,8.0,61.2
一般消化器外科,DR_GS009,SL_0374,2025-08,48,5,0.104,48,1.0,8.0,61.1
一般消化器外科,DR_GS008,SL_0229,2025-08,36,7,0.194,36,1.0,11.0,60.7
一般消化器外科,DR_GS005,SL_0194,2025-08,46,5,0.109,46,1.0,12.0,56.7
一般消化器外科,DR_GS015,SL_0715,2025-08,37,0,0.0,37,1.0,12.0,53.1
一般消化器外科,DR_BR005,SL_0516,2025-08,5,4,0.8,5,1.0,0.0,
一般消化器外科,DR_GS001,SL_0009,2025-08,9,4,0.444,9,1.0,4.0,
一般消化器外科,DR_GS001,SL_0021,2025-08,9,2,0.222,9,1.0,16.0,
一般消化器外科,DR_GS001,SL_0454,2025-08,1,0,0.0,1,1.0,16.0,
一般消化器外科,DR_GS002,SL_0009,2025-08,4,3,0.75,4,1.0,1.0,
一般消化器外科,DR_GS002,SL_0568,2025-08,3,0,0.0,3,1.0,16.0,
一般消化器外科,DR_GS003,SL_0009,2025-08,4,1,0.25,4,1.0,10.0,
一般消化器外科,DR_GS003,SL_0280,2025-08,6,0,0.0,6,1.0,12.0,
一般消化器外科,DR_GS005,SL_0009,2025-08,2,2,1.0,2,1.0,0.5,
一般消化器外科,DR_GS005,SL_0607,2025-08,2,0,0.0,2,1.0,13.5,
一般消化器外科,DR_GS006,SL_0009,2025-08,5,2,0.4,5,1.0,7.0,
一般消化器外科,DR_GS006,SL_0501,2025-08,5,1,0.2,5,1.0,7.0,
一般消化器外科,DR_GS006,SL_0691,2025-08,1,0,0.0,0,0.0,5.0,
一般消化器外科,DR_GS007,SL_0219,2025-08,49,0,0.0,49,1.0,,
一般消化器外科,DR_GS008,SL_0009,2025-08,2,0,0.0,2,1.0,14.5,
一般消化器外科,DR_GS008,SL_0491,2025-08,1,0,0.0,1,1.0,18.0,
一般消化器外科,DR_GS009,SL_0009,2025-08,3,2,0.667,3,1.0,2.0,
一般消化器外科,DR_GS009,SL_0613,2025-08,5,0,0.0,5,1.0,18.0,
一般消化器外科,DR_GS011,SL_0422,2025-08,4,4,1.0,4,1.0,0.0,
一般消化器外科,DR_GS012,SL_0009,2025-08,3,3,1.0,3,1.0,0.0,
一般消化器外科,DR_GS012,SL_0443,2025-08,5,5,1.0,5,1.0,0.0,
一般消化器外科,DR_GS013,SL_0005,2025-08,5,0,0.0,5,1.0,,
一般消化器外科,DR_GS014,SL_0009,2025-08,2,0,0.0,2,1.0,,
一般消化器外科,DR_GS015,SL_0009,2025-08,1,1,1.0,1,1.0,4.0,
一般消化器外科,DR_GS015,SL_0739,2025-08,1,0,0.0,1,1.0,22.0,
一般消化器外科,DR_GS016,SL_0009,2025-08,1,0,0.0,1,1.0,8.0,
一般消化器外科,DR_GS016,SL_0753,2025-08,3,0,0.0,3,1.0,21.0,
一般消化器外科,DR_GS018,SL_0009,2025-08,6,2,0.333,6,1.0,14.0,
一般消化器外科,DR_GS018,SL_0938,2025-08,9,3,0.333,9,1.0,13.0,
一般消化器外科,DR_PD012,SL_0475,2025-08,1,0,0.0,1,1.0,15.0,
中央処置室,DR_XX002,SL_0018,2025-08,151,23,0.152,151,1.0,0.0,71.7
中央処置室,DR_XX002,SL_0009,2025-08,5,0,0.0,5,1.0,,
乳腺外科,DR_BR006,SL_0175,2025-08,763,450,0.59,762,0.999,4.0,81.7
乳腺外科,DR_BR014,SL_0702,2025-08,306,168,0.549,306,1.0,4.0,80.4
乳腺外科,DR_BR006,SL_0009,2025-08,115,59,0.513,115,1.0,4.0,79.2
乳腺外科,DR_BR014,SL_0009,2025-08,14,5,0.357,14,1.0,7.0,70.7
乳腺外科,DR_BR009,SL_0005,2025-08,11,1,0.091,11,1.0,0.0,69.7
乳腺外科,DR_BR015,SL_0839,2025-08,70,14,0.2,70,1.0,7.0,65.4
乳腺外科,DR_BR008,SL_0241,2025-08,71,16,0.225,71,1.0,8.0,65.1
乳腺外科,DR_BR005,SL_0516,2025-08,1,0,0.0,1,1.0,10.0,
乳腺外科,DR_BR006,SL_0841,2025-08,6,4,0.667,6,1.0,3.0,
乳腺外科,DR_BR006,SL_0849,2025-08,3,0,0.0,3,1.0,6.0,
乳腺外科,DR_BR008,SL_0009,2025-08,1,0,0.0,1,1.0,,
乳腺外科,DR_BR010,SL_0412,2025-08,4,0,0.0,4,1.0,,
乳腺外科,DR_BR011,SL_0009,2025-08,4,0,0.0,4,1.0,,
乳腺外科,DR_BR011,SL_0459,2025-08,6,1,0.167,6,1.0,1.0,
乳腺外科,DR_BR012,SL_0009,2025-08,5,4,0.8,5,1.0,1.0,
乳腺外科,DR_BR012,SL_0476,2025-08,3,1,0.333,3,1.0,7.0,
乳腺外科,DR_BR013,SL_0009,2025-08,1,0,0.0,1,1.0,7.0,
乳腺外科,DR_BR013,SL_0481,2025-08,9,2,0.222,9,1.0,21.0,
乳腺外科,DR_BR014,SL_0777,2025-08,6,6,1.0,6,1.0,1.0,
乳腺外科,DR_BR015,SL_0009,2025-08,7,5,0.714,7,1.0,0.0,
乳腺外科,DR_BR015,SL_0862,2025-08,2,0,0.0,2,1.0,7.5,
健診センター,DR_XX012,SL_0432,2025-08,11,2,0.182,11,1.0,10.5,60.9
健診センター,DR_XX012,SL_0217,2025-08,18,4,0.222,18,1.0,12.0,60.5
健診センター,DR_XX012,SL_0223,2025-08,29,5,0.172,29,1.0,13.0,57.7
健診センター,DR_XX012,SL_0614,2025-08,2,1,0.5,2,1.0,11.0,
健診センター,DR_XX012,SL_0621,2025-08,3,0,0.0,3,1.0,,
健診センター,DR_XX012,SL_0693,2025-08,1,0,0.0,1,1.0,,
健診センター,DR_XX012,SL_0850,2025-08,1,0,0.0,1,1.0,,
健診センター,DR_XX012,SL_0887,2025-08,1,0,0.0,1,1.0,6.0,
入退院支援センター,DR_AD001,SL_0004,2025-08,597,597,1.0,597,1.0,0.0,100.0
入退院支援センター,DR_AD001,SL_0009,2025-08,53,53,1.0,53,1.0,0.0,100.0
内科,DR_IM001,SL_0015,2025-08,152,53,0.349,133,0.875,8.0,58.8
呼吸器内科,DR_RS2009,SL_0009,2025-08,75,52,0.693,75,1.0,0.0,89.8
呼吸器内科,DR_RS2004,SL_0009,2025-08,24,11,0.458,24,1.0,5.0,76.3
呼吸器内科,DR_RS2003,SL_0061,2025-08,135,50,0.37,135,1.0,5.0,73.4
呼吸器内科,DR_RS2011,SL_0179,2025-08,10,4,0.4,9,0.9,0.0,71.7
呼吸器内科,DR_AL002,SL_0189,2025-08,106,35,0.33,106,1.0,6.0,70.9
呼吸器内科,DR_RS2010,SL_0167,2025-08,58,16,0.276,58,1.0,7.5,67.4
呼吸器内科,DR_RS2004,SL_0082,2025-08,203,53,0.261,203,1.0,8.0,66.3
呼吸器内科,DR_RS2005,SL_0100,2025-08,102,16,0.157,102,1.0,7.0,64.0
呼吸器内科,DR_AL001,SL_0033,2025-08,43,6,0.14,43,1.0,8.0,62.3
呼吸器内科,DR_RS2003,SL_0213,2025-08,16,3,0.188,16,1.0,9.5,62.2
呼吸器内科,DR_RS2006,SL_0106,2025-08,118,17,0.144,118,1.0,9.0,61.3
呼吸器内科,DR_RS2007,SL_0126,2025-08,22,3,0.136,22,1.0,16.0,53.1
呼吸器内科,DR_RS2008,SL_0127,2025-08,61,2,0.033,61,1.0,14.0,51.9
呼吸器内科,DR_RS2009,SL_0366,2025-08,10,1,0.1,8,0.8,6.0,46.6
呼吸器内科,DR_AL001,SL_0009,2025-08,6,3,0.5,6,1.0,4.0,
呼吸器内科,DR_AL001,SL_0634,2025-08,5,1,0.2,5,1.0,10.0,
呼吸器内科,DR_AL002,SL_0009,2025-08,7,3,0.429,7,1.0,4.0,
呼吸器内科,DR_AL002,SL_0356,2025-08,6,3,0.5,6,1.0,0.0,
呼吸器内科,DR_AL002,SL_0403,2025-08,1,0,0.0,1,1.0,,
呼吸器内科,DR_AL002,SL_0580,2025-08,1,0,0.0,1,1.0,,
呼吸器内科,DR_RS2002,SL_0030,2025-08,5,2,0.4,5,1.0,13.0,
呼吸器内科,DR_RS2003,SL_0009,2025-08,3,3,1.0,3,1.0,0.0,
呼吸器内科,DR_RS2003,SL_0344,2025-08,1,0,0.0,1,1.0,12.0,
呼吸器内科,DR_RS2003,SL_0444,2025-08,1,0,0.0,1,1.0,,
呼吸器内科,DR_RS2005,SL_0470,2025-08,6,4,0.667,6,1.0,0.0,
呼吸器内科,DR_RS2005,SL_0561,2025-08,1,0,0.0,1,1.0,7.0,
呼吸器内科,DR_RS2005,SL_0658,2025-08,3,2,0.667,3,1.0,0.0,
呼吸器内科,DR_RS2006,SL_0009,2025-08,6,1,0.167,6,1.0,7.0,
呼吸器内科,DR_RS2006,SL_0612,2025-08,5,1,0.2,5,1.0,12.0,
呼吸器内科,DR_RS2007,SL_0009,2025-08,1,1,1.0,1,1.0,0.0,
呼吸器内科,DR_RS2008,SL_0009,2025-08,4,2,0.5,4,1.0,2.5,
呼吸器内科,DR_RS2008,SL_0618,2025-08,2,0,0.0,2,1.0,18.0,
呼吸器内科,DR_RS2010,SL_0009,2025-08,4,4,1.0,4,1.0,0.0,
呼吸器内科,DR_RS2011,SL_0009,2025-08,5,0,0.0,5,1.0,,
呼吸器内科,DR_RS2013,SL_0005,2025-08,17,0,0.0,17,1.0,,
呼吸器内科,,SL_0808,2025-08,3,1,0.333,3,1.0,26.0,
呼吸器外科,DR_RS2001,SL_0024,2025-08,53,5,0.094,53,1.0,10.0,58.5
呼吸器外科,DR_RS2012,SL_0188,2025-08,49,4,0.082,49,1.0,11.0,57.0
呼吸器外科,DR_RS2001,SL_0584,2025-08,5,1,0.2,5,1.0,27.0,
呼吸器外科,DR_RS2001,SL_0959,2025-08,1,0,0.0,1,1.0,,
呼吸器外科,DR_RS2004,SL_0082,2025-08,1,1,1.0,1,1.0,0.0,
呼吸器外科,DR_RS2012,SL_0009,2025-08,1,0,0.0,1,1.0,82.0,
呼吸器外科,DR_RS2012,SL_0557,2025-08,3,0,0.0,3,1.0,22.0,
呼吸器外科,DR_RS2014,SL_0009,2025-08,4,1,0.25,4,1.0,15.0,
呼吸器外科,DR_RS2014,SL_0760,2025-08,1,0,0.0,1,1.0,17.0,
呼吸器外科,DR_RS2015,SL_0005,2025-08,1,0,0.0,1,1.0,,
呼吸器外科,DR_XX022,SL_0009,2025-08,1,1,1.0,1,1.0,0.0,
呼吸器外科,DR_XX022,SL_0486,2025-08,7,0,0.0,7,1.0,11.0,
呼吸器外科,DR_XX022,SL_0963,2025-08,2,0,0.0,2,1.0,43.0,
外来手術室,DR_OT002,SL_0159,2025-08,78,78,1.0,78,1.0,0.0,100.0
外来手術室,DR_OT005,SL_0332,2025-08,21,21,1.0,21,1.0,0.0,100.0
外来手術室,DR_OT001,SL_0025,2025-08,180,179,0.994,180,1.0,1.0,98.7
外来手術室,DR_OT009,SL_0484,2025-08,24,23,0.958,24,1.0,0.0,98.6
外来手術室,DR_OT001,SL_0009,2025-08,44,43,0.977,44,1.0,1.0,98.1
外来手術室,DR_OT002,SL_0009,2025-08,16,15,0.938,16,1.0,0.0,97.9
外来手術室,DR_OT007,SL_0396,2025-08,12,11,0.917,12,1.0,0.0,97.2
外来手術室,DR_OT016,SL_0733,2025-08,12,11,0.917,12,1.0,0.0,97.2
外来手術室,DR_OT004,SL_0324,2025-08,11,8,0.727,11,1.0,0.0,90.9
外来手術室,DR_OT003,SL_0248,2025-08,18,11,0.611,18,1.0,0.0,87.0
外来手術室,DR_OT003,SL_0009,2025-08,3,2,0.667,3,1.0,0.0,
外来手術室,DR_OT003,SL_0456,2025-08,1,1,1.0,1,1.0,0.0,
外来手術室,DR_OT003,SL_0840,2025-08,4,3,0.75,4,1.0,0.0,
外来手術室,DR_OT006,SL_0376,2025-08,3,3,1.0,3,1.0,0.0,
外来手術室,DR_OT008,SL_0009,2025-08,1,1,1.0,1,1.0,0.0,
外来手術室,DR_OT008,SL_0397,2025-08,5,5,1.0,5,1.0,0.0,
外来手術室,DR_OT010,SL_0506,2025-08,4,3,0.75,4,1.0,0.0,
外来手術室,DR_OT011,SL_0553,2025-08,4,4,1.0,4,1.0,0.0,
外来手術室,DR_OT012,SL_0559,2025-08,3,3,1.0,3,1.0,0.0,
外来手術室,DR_OT013,SL_0597,2025-08,8,6,0.75,8,1.0,0.0,
外来手術室,DR_OT014,SL_0605,2025-08,6,5,0.833,6,1.0,0.0,
外来手術室,DR_OT015,SL_0699,2025-08,5,3,0.6,5,1.0,0.0,
外来手術室,DR_OT017,SL_0758,2025-08,2,2,1.0,2,1.0,0.0,
小児科,DR_PD014,SL_0005,2025-08,10,1,0.1,10,1.0,0.0,70.0
小児科,DR_PD005,SL_0328,2025-08,15,3,0.2,15,1.0,9.5,62.6
小児科,DR_PD018,SL_0837,2025-08,13,3,0.231,13,1.0,13.0,59.7
小児科,DR_PD002,SL_0070,2025-08,52,3,0.058,52,1.0,8.0,59.6
小児科,DR_PD001,SL_0020,2025-08,13,3,0.231,13,1.0,14.5,58.0
小児科,DR_PD009,SL_0257,2025-08,18,1,0.056,18,1.0,10.0,57.2
小児科,DR_PD008,SL_0323,2025-08,11,2,0.182,11,1.0,15.0,55.8
小児科,DR_PD004,SL_0177,2025-08,40,7,0.175,40,1.0,16.0,54.4
小児科,DR_PD022,SL_0877,2025-08,32,5,0.156,32,1.0,16.0,53.8
小児科,DR_PD001,SL_0313,2025-08,21,1,0.048,21,1.0,15.0,51.3
小児科,DR_PD007,SL_0239,2025-08,10,0,0.0,10,1.0,15.0,49.7
小児科,DR_PD003,SL_0098,2025-08,36,1,0.028,36,1.0,18.0,47.3
小児科,DR_PD008,SL_0250,2025-08,33,2,0.061,33,1.0,20.0,46.1
小児科,DR_PD003,SL_0399,2025-08,12,1,0.083,12,1.0,23.0,43.4
小児科,DR_PD006,SL_0272,2025-08,38,1,0.026,38,1.0,24.5,39.8
小児科,DR_PD007,SL_0351,2025-08,23,1,0.043,23,1.0,26.0,38.7
小児科,DR_XX020,SL_0452,2025-08,12,0,0.0,12,1.0,27.0,36.2
小児科,DR_PD006,SL_0503,2025-08,17,0,0.0,17,1.0,29.5,33.3
小児科,DR_PD001,SL_0009,2025-08,1,0,0.0,1,1.0,38.0,
小児科,DR_PD001,SL_0105,2025-08,1,0,0.0,1,1.0,30.0,
小児科,DR_PD002,SL_0009,2025-08,2,1,0.5,2,1.0,5.5,
小児科,DR_PD002,SL_0695,2025-08,1,0,0.0,1,1.0,8.0,
小児科,DR_PD003,SL_0009,2025-08,1,1,1.0,1,1.0,0.0,
小児科,DR_PD004,SL_0009,2025-08,3,1,0.333,3,1.0,21.0,
小児科,DR_PD004,SL_0270,2025-08,1,1,1.0,1,1.0,0.0,
小児科,DR_PD005,SL_0009,2025-08,2,0,0.0,2,1.0,10.5,
小児科,DR_PD005,SL_0180,2025-08,1,0,0.0,1,1.0,,
小児科,DR_PD006,SL_0009,2025-08,6,2,0.333,6,1.0,14.0,
小児科,DR_PD006,SL_0555,2025-08,1,0,0.0,1,1.0,,
小児科,DR_PD007,SL_0009,2025-08,4,0,0.0,4,1.0,36.0,
小児科,DR_PD008,SL_0009,2025-08,3,0,0.0,3,1.0,8.0,
小児科,DR_PD009,SL_0604,2025-08,1,0,0.0,1,1.0,9.0,
小児科,DR_PD010,SL_0009,2025-08,1,0,0.0,1,1.0,,
小児科,DR_PD010,SL_0260,2025-08,7,1,0.143,7,1.0,10.5,
小児科,DR_PD011,SL_0009,2025-08,6,0,0.0,6,1.0,7.0,
小児科,DR_PD011,SL_0375,2025-08,7,1,0.143,7,1.0,19.0,
小児科,DR_PD012,SL_0475,2025-08,4,1,0.25,4,1.0,35.0,
小児科,DR_PD013,SL_0009,2025-08,1,1,1.0,1,1.0,0.0,
小児科,DR_PD013,SL_0419,2025-08,5,2,0.4,5,1.0,0.5,
小児科,DR_PD018,SL_0838,2025-08,4,1,0.25,4,1.0,6.5,
小児科,DR_PD022,SL_0009,2025-08,2,1,0.5,2,1.0,5.0,
小児科,DR_PD022,SL_0889,2025-08,2,1,0.5,2,1.0,12.5,
形成外科,DR_PS013,SL_0009,2025-08,38,14,0.368,38,1.0,7.0,71.0
形成外科,DR_PS018,SL_0009,2025-08,10,3,0.3,10,1.0,5.0,71.0
形成外科,DR_PS005,SL_0707,2025-08,31,9,0.29,31,1.0,7.0,68.4
形成外科,DR_PS013,SL_0701,2025-08,77,24,0.312,77,1.0,8.0,68.0
形成外科,DR_PS015,SL_0009,2025-08,19,5,0.263,19,1.0,8.0,66.4
形成外科,DR_PS017,SL_0009,2025-08,36,8,0.222,36,1.0,9.0,63.9
形成外科,DR_PS005,SL_0265,2025-08,18,3,0.167,18,1.0,7.5,63.8
形成外科,DR_PS018,SL_0895,2025-08,33,4,0.121,33,1.0,8.0,61.7
形成外科,DR_PS017,SL_0935,2025-08,29,4,0.138,29,1.0,9.0,61.1
形成外科,DR_PS017,SL_0939,2025-08,61,8,0.131,61,1.0,9.0,60.9
形成外科,DR_PS015,SL_0709,2025-08,44,6,0.136,44,1.0,12.0,57.6
形成外科,DR_PS017,SL_0941,2025-08,44,4,0.091,44,1.0,11.0,57.3
形成外科,DR_PS006,SL_0288,2025-08,17,2,0.118,17,1.0,13.5,55.3
形成外科,DR_PS001,SL_0009,2025-08,8,2,0.25,8,1.0,13.0,
形成外科,DR_PS001,SL_0535,2025-08,1,0,0.0,1,1.0,7.0,
形成外科,DR_PS005,SL_0009,2025-08,7,2,0.286,7,1.0,13.0,
形成外科,DR_PS005,SL_0684,2025-08,3,0,0.0,3,1.0,26.0,
形成外科,DR_PS006,SL_0009,2025-08,1,1,1.0,1,1.0,4.0,
形成外科,DR_PS007,SL_0005,2025-08,4,2,0.5,4,1.0,0.0,
形成外科,DR_PS009,SL_0009,2025-08,1,0,0.0,1,1.0,,
形成外科,DR_PS009,SL_0359,2025-08,5,1,0.2,5,1.0,7.0,
形成外科,DR_PS011,SL_0513,2025-08,4,1,0.25,4,1.0,47.0,
形成外科,DR_PS012,SL_0009,2025-08,1,0,0.0,1,1.0,,
形成外科,DR_PS012,SL_0515,2025-08,4,2,0.5,4,1.0,6.0,
形成外科,DR_PS013,SL_0713,2025-08,7,1,0.143,7,1.0,15.0,
形成外科,DR_PS014,SL_0687,2025-08,2,0,0.0,2,1.0,,
形成外科,DR_PS015,SL_0816,2025-08,1,0,0.0,1,1.0,14.0,
形成外科,DR_PS017,SL_0958,2025-08,1,0,0.0,1,1.0,20.0,
形成外科,,SL_0964,2025-08,1,1,1.0,1,1.0,3.0,
循環器内科,DR_CV002,SL_0009,2025-08,119,83,0.697,119,1.0,0.0,89.9
循環器内科,DR_CV001,SL_0009,2025-08,16,8,0.5,16,1.0,3.5,79.4
循環器内科,DR_CV008,SL_0150,2025-08,166,84,0.506,166,1.0,4.0,79.0
循環器内科,DR_CV016,SL_0616,2025-08,55,26,0.473,55,1.0,4.0,77.9
循環器内科,DR_CV002,SL_0118,2025-08,16,7,0.438,16,1.0,5.5,75.1
循環器内科,DR_CV004,SL_0034,2025-08,69,24,0.348,69,1.0,6.0,71.5
循環器内科,DR_CV001,SL_0044,2025-08,124,31,0.25,124,1.0,6.5,67.7
循環器内科,DR_CV005,SL_0058,2025-08,21,9,0.429,18,0.857,2.0,66.8
循環器内科,DR_CV010,SL_0193,2025-08,144,24,0.167,144,1.0,7.0,64.3
循環器内科,DR_CV011,SL_0196,2025-08,51,5,0.098,51,1.0,10.0,58.6
循環器内科,DR_CV003,SL_0031,2025-08,77,6,0.078,77,1.0,10.0,58.0
循環器内科,DR_CV007,SL_0078,2025-08,59,6,0.102,59,1.0,11.0,57.6
循環器内科,DR_CV009,SL_0153,2025-08,104,7,0.067,104,1.0,12.0,55.3
循環器内科,DR_CV006,SL_0067,2025-08,120,2,0.017,120,1.0,13.5,52.0
循環器内科,DR_CV001,SL_0228,2025-08,10,0,0.0,10,1.0,15.0,49.7
循環器内科,DR_CV004,SL_0009,2025-08,1,1,1.0,1,1.0,4.0,
循環器内科,DR_CV004,SL_0450,2025-08,7,1,0.143,7,1.0,5.0,
循環器内科,DR_CV004,SL_0492,2025-08,1,0,0.0,1,1.0,,
循環器内科,DR_CV005,SL_0009,2025-08,1,0,0.0,1,1.0,,
循環器内科,DR_CV006,SL_0009,2025-08,2,1,0.5,2,1.0,9.5,
循環器内科,DR_CV006,SL_0401,2025-08,1,0,0.0,1,1.0,15.0,
循環器内科,DR_CV006,SL_0600,2025-08,5,1,0.2,5,1.0,18.0,
循環器内科,DR_CV007,SL_0009,2025-08,1,0,0.0,1,1.0,25.0,
循環器内科,DR_CV007,SL_0574,2025-08,5,3,0.6,5,1.0,4.0,
循環器内科,DR_CV008,SL_0009,2025-08,1,1,1.0,1,1.0,2.0,
循環器内科,DR_CV008,SL_0539,2025-08,2,0,0.0,2,1.0,7.5,
循環器内科,DR_CV009,SL_0009,2025-08,4,1,0.25,4,1.0,11.5,
循環器内科,DR_CV009,SL_0277,2025-08,9,2,0.222,9,1.0,17.0,
循環器内科,DR_CV010,SL_0009,2025-08,1,1,1.0,1,1.0,0.0,
循環器内科,DR_CV010,SL_0381,2025-08,5,0,0.0,5,1.0,17.0,
循環器内科,DR_CV010,SL_0485,2025-08,1,0,0.0,1,1.0,11.0,
循環器内科,DR_CV011,SL_0009,2025-08,9,3,0.333,9,1.0,5.0,
循環器内科,DR_CV011,SL_0626,2025-08,1,0,0.0,1,1.0,,
循環器内科,DR_CV012,SL_0325,2025-08,5,0,0.0,5,1.0,18.0,
循環器内科,DR_CV014,SL_0005,2025-08,5,0,0.0,5,1.0,,
循環器内科,DR_CV017,SL_0688,2025-08,2,2,1.0,2,1.0,0.0,
心理検査,DR_XX037,SL_0855,2025-08,1,1,1.0,1,1.0,0.0,
心臓血管外科,DR_CS002,SL_0168,2025-08,40,1,0.025,40,1.0,9.0,57.3
心臓血管外科,DR_CS002,SL_0009,2025-08,18,2,0.111,18,1.0,12.0,56.8
心臓血管外科,DR_CS006,SL_0726,2025-08,109,7,0.064,109,1.0,17.0,49.6
心臓血管外科,DR_CS003,SL_0009,2025-08,7,4,0.571,7,1.0,0.5,
心臓血管外科,DR_CS003,SL_0567,2025-08,3,2,0.667,3,1.0,0.0,
心臓血管外科,DR_CS006,SL_0009,2025-08,2,1,0.5,2,1.0,7.5,
心臓血管外科,DR_CS006,SL_0776,2025-08,5,0,0.0,5,1.0,40.0,
心臓血管外科,DR_CS007,SL_0005,2025-08,1,0,0.0,1,1.0,,
心臓血管外科,DR_CS009,SL_0962,2025-08,1,1,1.0,1,1.0,0.0,
感染症,DR_XX018,SL_0009,2025-08,19,9,0.474,19,1.0,4.0,77.9
感染症,DR_XX018,SL_0350,2025-08,14,3,0.214,14,1.0,0.0,73.8
放射線治療科,DR_U002,SL_0009,2025-08,11,8,0.727,11,1.0,0.0,90.9
放射線治療科,DR_RT009,SL_0009,2025-08,11,7,0.636,11,1.0,0.0,87.9
放射線治療科,DR_RT005,SL_0209,2025-08,49,31,0.633,49,1.0,3.0,84.4
放射線治療科,DR_RT002,SL_0134,2025-08,366,221,0.604,366,1.0,3.0,83.4
放射線治療科,DR_RT004,SL_0009,2025-08,100,57,0.57,100,1.0,4.0,81.1
放射線治療科,DR_RT002,SL_0009,2025-08,53,28,0.528,53,1.0,3.0,80.9
放射線治療科,DR_RT004,SL_0108,2025-08,163,90,0.552,163,1.0,4.0,80.5
放射線治療科,DR_RT001,SL_0023,2025-08,41,15,0.366,41,1.0,6.0,72.1
放射線治療科,DR_RT008,SL_0005,2025-08,15,2,0.133,15,1.0,0.0,71.1
放射線治療科,DR_RT003,SL_0050,2025-08,32,6,0.188,32,1.0,9.0,62.8
放射線治療科,DR_RT006,SL_0251,2025-08,24,7,0.292,24,1.0,23.5,49.8
放射線治療科,DR_RT010,SL_0560,2025-08,13,0,0.0,13,1.0,22.0,41.8
放射線治療科,DR_RT001,SL_0009,2025-08,5,2,0.4,5,1.0,6.0,
放射線治療科,DR_RT003,SL_0009,2025-08,3,2,0.667,3,1.0,0.0,
放射線治療科,DR_RT005,SL_0009,2025-08,2,1,0.5,2,1.0,2.5,
放射線治療科,DR_RT006,SL_0009,2025-08,8,5,0.625,8,1.0,0.0,
放射線診断科,DR_XX028,SL_0859,2025-08,1,0,0.0,1,1.0,,
救急科,DR_ER001,SL_0072,2025-08,87,37,0.425,83,0.954,6.0,70.2
救急科,DR_ER001,SL_0009,2025-08,9,0,0.0,9,1.0,12.0,
救急科,DR_ER002,SL_0009,2025-08,3,0,0.0,3,1.0,13.0,
救急科,DR_ER002,SL_0395,2025-08,5,1,0.2,5,1.0,0.0,
整形外科,DR_OR009,SL_0009,2025-08,21,20,0.952,21,1.0,0.0,98.4
整形外科,DR_OR009,SL_0165,2025-08,42,39,0.929,42,1.0,0.0,97.6
整形外科,DR_OR012,SL_0009,2025-08,10,8,0.8,10,1.0,0.0,93.3
整形外科,DR_OR005,SL_0009,2025-08,62,44,0.71,62,1.0,0.0,90.3
整形外科,DR_OR011,SL_0206,2025-08,17,10,0.588,17,1.0,4.0,81.7
整形外科,DR_OR034,SL_0735,2025-08,34,19,0.559,34,1.0,4.0,80.8
整形外科,DR_OR022,SL_0790,2025-08,14,7,0.5,14,1.0,4.5,78.2
整形外科,DR_OR003,SL_0038,2025-08,182,87,0.478,182,1.0,5.0,77.0
整形外科,DR_OR033,SL_0725,2025-08,63,28,0.444,63,1.0,5.0,75.8
整形外科,DR_OR004,SL_0069,2025-08,63,26,0.413,63,1.0,5.0,74.8
整形外科,DR_OR007,SL_0261,2025-08,64,24,0.375,64,1.0,6.0,72.4
整形外科,DR_OR022,SL_0421,2025-08,43,17,0.395,43,1.0,7.0,71.9
整形外科,DR_OR008,SL_0147,2025-08,34,9,0.265,34,1.0,6.0,68.7
整形外科,DR_OR020,SL_0279,2025-08,76,19,0.25,76,1.0,7.0,67.1
整形外科,DR_OR029,SL_0635,2025-08,48,12,0.25,48,1.0,8.0,66.0
整形外科,DR_OR001,SL_0001,2025-08,38,7,0.184,38,1.0,7.0,64.9
整形外科,DR_OR006,SL_0081,2025-08,48,10,0.208,48,1.0,8.0,64.6
整形外科,DR_OR012,SL_0227,2025-08,123,29,0.236,123,1.0,11.0,62.1
整形外科,DR_OR025,SL_0386,2025-08,47,9,0.191,47,1.0,10.0,61.7
整形外科,DR_OR031,SL_0731,2025-08,43,5,0.116,43,1.0,9.0,60.4
整形外科,DR_OR014,SL_0240,2025-08,25,2,0.08,25,1.0,8.0,60.3
整形外科,DR_OR015,SL_0246,2025-08,30,2,0.067,30,1.0,9.0,58.7
整形外科,DR_OR032,SL_0723,2025-08,60,1,0.017,60,1.0,8.0,58.2
整形外科,DR_OR014,SL_0608,2025-08,12,1,0.083,12,1.0,12.5,55.3
整形外科,DR_OR014,SL_0009,2025-08,14,0,0.0,14,1.0,13.0,52.0
整形外科,DR_OR001,SL_0009,2025-08,2,0,0.0,2,1.0,13.5,
整形外科,DR_OR001,SL_0349,2025-08,8,2,0.25,8,1.0,17.0,
整形外科,DR_OR002,SL_0005,2025-08,9,1,0.111,9,1.0,0.0,
整形外科,DR_OR003,SL_0009,2025-08,2,1,0.5,2,1.0,11.5,
整形外科,DR_OR003,SL_0053,2025-08,3,0,0.0,3,1.0,16.0,
整形外科,DR_OR003,SL_0533,2025-08,3,0,0.0,3,1.0,11.5,
整形外科,DR_OR003,SL_0579,2025-08,1,0,0.0,1,1.0,5.0,
整形外科,DR_OR004,SL_0009,2025-08,3,3,1.0,3,1.0,3.0,
整形外科,DR_OR004,SL_0304,2025-08,3,0,0.0,3,1.0,13.0,
整形外科,DR_OR005,SL_0334,2025-08,4,1,0.25,3,0.75,12.5,
整形外科,DR_OR006,SL_0009,2025-08,7,1,0.143,7,1.0,9.0,
整形外科,DR_OR006,SL_0243,2025-08,3,0,0.0,3,1.0,9.0,
整形外科,DR_OR006,SL_0435,2025-08,4,0,0.0,4,1.0,12.5,
整形外科,DR_OR007,SL_0009,2025-08,1,1,1.0,1,1.0,3.0,
整形外科,DR_OR007,SL_0129,2025-08,4,1,0.25,4,1.0,11.0,
整形外科,DR_OR007,SL_0473,2025-08,4,0,0.0,4,1.0,7.0,
整形外科,DR_OR008,SL_0009,2025-08,4,2,0.5,4,1.0,4.0,
整形外科,DR_OR008,SL_0408,2025-08,3,1,0.333,3,1.0,7.0,
整形外科,DR_OR008,SL_0589,2025-08,2,0,0.0,2,1.0,19.5,
整形外科,DR_OR011,SL_0640,2025-08,2,0,0.0,2,1.0,11.0,
整形外科,DR_OR014,SL_0630,2025-08,4,0,0.0,4,1.0,14.0,
整形外科,DR_OR014,SL_0665,2025-08,1,0,0.0,1,1.0,21.0,
整形外科,DR_OR015,SL_0256,2025-08,1,0,0.0,1,1.0,9.0,
整形外科,DR_OR015,SL_0587,2025-08,2,0,0.0,2,1.0,15.0,
整形外科,DR_OR020,SL_0278,2025-08,4,0,0.0,4,1.0,16.0,
整形外科,DR_OR020,SL_0576,2025-08,4,0,0.0,4,1.0,12.0,
整形外科,DR_OR022,SL_0009,2025-08,2,2,1.0,2,1.0,0.0,
整形外科,DR_OR022,SL_0286,2025-08,6,2,0.333,6,1.0,5.0,
整形外科,DR_OR022,SL_0522,2025-08,3,2,0.667,3,1.0,4.0,
整形外科,DR_OR024,SL_0009,2025-08,1,0,0.0,1,1.0,,
整形外科,DR_OR024,SL_0306,2025-08,7,2,0.286,7,1.0,13.0,
整形外科,DR_OR025,SL_0910,2025-08,3,1,0.333,3,1.0,12.0,
整形外科,DR_OR025,SL_0919,2025-08,9,0,0.0,9,1.0,12.0,
整形外科,DR_OR026,SL_0483,2025-08,3,1,0.333,3,1.0,5.0,
整形外科,DR_OR028,SL_0009,2025-08,1,0,0.0,1,1.0,8.0,
整形外科,DR_OR028,SL_0565,2025-08,6,2,0.333,6,1.0,7.0,
整形外科,DR_OR029,SL_0009,2025-08,5,2,0.4,5,1.0,6.0,
整形外科,DR_OR029,SL_0906,2025-08,2,1,0.5,2,1.0,6.0,
整形外科,DR_OR029,SL_0915,2025-08,2,1,0.5,2,1.0,4.5,
整形外科,DR_OR031,SL_0009,2025-08,2,0,0.0,2,1.0,15.5,
整形外科,DR_OR031,SL_0908,2025-08,4,0,0.0,4,1.0,17.0,
整形外科,DR_OR032,SL_0738,2025-08,2,0,0.0,2,1.0,5.0,
整形外科,DR_OR032,SL_0818,2025-08,6,0,0.0,6,1.0,17.0,
整形外科,DR_OR033,SL_0009,2025-08,8,2,0.25,8,1.0,6.5,
整形外科,DR_OR033,SL_0782,2025-08,4,2,0.5,4,1.0,6.5,
整形外科,DR_OR033,SL_0793,2025-08,9,2,0.222,9,1.0,9.5,
整形外科,DR_OR035,SL_0913,2025-08,1,0,0.0,1,1.0,,
歯科口腔外科,DR_OS015,SL_0009,2025-08,12,12,1.0,12,1.0,0.0,100.0
歯科口腔外科,DR_OS007,SL_0009,2025-08,13,9,0.692,13,1.0,1.0,88.6
歯科口腔外科,DR_OS010,SL_0009,2025-08,14,9,0.643,14,1.0,0.0,88.1
歯科口腔外科,DR_OS005,SL_0133,2025-08,26,16,0.615,26,1.0,0.0,87.2
歯科口腔外科,DR_OS005,SL_0009,2025-08,13,7,0.538,13,1.0,3.0,81.2
歯科口腔外科,DR_OS023,SL_0009,2025-08,13,6,0.462,13,1.0,2.0,79.8
歯科口腔外科,DR_OS003,SL_0009,2025-08,28,7,0.25,28,1.0,9.0,64.8
歯科口腔外科,DR_OS014,SL_0372,2025-08,13,4,0.308,13,1.0,11.0,64.5
歯科口腔外科,DR_OS004,SL_0009,2025-08,26,6,0.231,26,1.0,11.0,61.9
歯科口腔外科,DR_OS007,SL_0141,2025-08,32,4,0.125,32,1.0,10.0,59.5
歯科口腔外科,DR_OS022,SL_0009,2025-08,16,2,0.125,16,1.0,10.0,59.5
歯科口腔外科,DR_OS002,SL_0009,2025-08,36,7,0.194,36,1.0,14.5,56.7
歯科口腔外科,DR_OS004,SL_0123,2025-08,116,10,0.086,116,1.0,12.0,56.0
歯科口腔外科,DR_OS003,SL_0080,2025-08,72,9,0.125,72,1.0,15.0,53.9
歯科口腔外科,DR_OS020,SL_0703,2025-08,90,5,0.056,90,1.0,14.0,52.7
歯科口腔外科,DR_OS002,SL_0060,2025-08,81,7,0.086,81,1.0,16.0,51.5
歯科口腔外科,DR_OS021,SL_0732,2025-08,79,7,0.089,79,1.0,17.0,50.4
歯科口腔外科,DR_OS009,SL_0478,2025-08,46,2,0.043,46,1.0,16.0,50.0
歯科口腔外科,DR_OS022,SL_0902,2025-08,24,3,0.125,24,1.0,22.0,46.0
歯科口腔外科,DR_OS003,SL_0079,2025-08,6,0,0.0,6,1.0,22.5,
歯科口腔外科,DR_OS003,SL_0546,2025-08,2,0,0.0,2,1.0,23.5,
歯科口腔外科,DR_OS009,SL_0009,2025-08,4,1,0.25,4,1.0,14.0,
歯科口腔外科,DR_OS011,SL_0009,2025-08,1,0,0.0,1,1.0,14.0,
歯科口腔外科,DR_OS011,SL_0322,2025-08,8,5,0.625,8,1.0,0.0,
歯科口腔外科,DR_OS012,SL_0005,2025-08,12,0,0.0,12,1.0,,
歯科口腔外科,DR_OS016,SL_0009,2025-08,3,1,0.333,3,1.0,6.0,
歯科口腔外科,DR_OS016,SL_0417,2025-08,2,1,0.5,2,1.0,9.0,
歯科口腔外科,DR_OS017,SL_0505,2025-08,7,2,0.286,7,1.0,13.0,
歯科口腔外科,DR_OS018,SL_0009,2025-08,3,2,0.667,3,1.0,3.0,
歯科口腔外科,DR_OS018,SL_0802,2025-08,6,0,0.0,6,1.0,35.5,
歯科口腔外科,DR_OS019,SL_0009,2025-08,4,0,0.0,4,1.0,,
歯科口腔外科,DR_OS019,SL_0643,2025-08,5,2,0.4,5,1.0,0.0,
歯科口腔外科,DR_OS020,SL_0009,2025-08,5,0,0.0,5,1.0,27.0,
歯科口腔外科,DR_OS020,SL_0814,2025-08,6,1,0.167,6,1.0,23.5,
歯科口腔外科,DR_OS021,SL_0009,2025-08,4,1,0.25,4,1.0,6.0,
歯科口腔外科,DR_OS023,SL_0955,2025-08,7,3,0.429,7,1.0,4.0,
泌尿器科,DR_U022,SL_0009,2025-08,11,11,1.0,11,1.0,0.0,100.0
泌尿器科,DR_U013,SL_0137,2025-08,58,57,0.983,58,1.0,0.0,99.4
泌尿器科,DR_U005,SL_0009,2025-08,244,238,0.975,244,1.0,0.0,99.2
泌尿器科,DR_U011,SL_0009,2025-08,56,54,0.964,56,1.0,0.0,98.8
泌尿器科,DR_U002,SL_0009,2025-08,219,210,0.959,219,1.0,0.0,98.6
泌尿器科,DR_U020,SL_0009,2025-08,16,14,0.875,16,1.0,0.0,95.8
泌尿器科,DR_U003,SL_0009,2025-08,28,25,0.893,28,1.0,1.0,95.3
泌尿器科,DR_U008,SL_0009,2025-08,34,27,0.794,34,1.0,0.0,93.1
泌尿器科,DR_U030,SL_0009,2025-08,12,9,0.75,12,1.0,0.0,91.7
泌尿器科,DR_U018,SL_0009,2025-08,136,91,0.669,136,1.0,0.0,89.0
泌尿器科,DR_U001,SL_0006,2025-08,357,273,0.765,357,1.0,3.0,88.8
泌尿器科,DR_U010,SL_0128,2025-08,426,275,0.646,426,1.0,3.0,84.8
泌尿器科,DR_U004,SL_0005,2025-08,65,35,0.538,65,1.0,0.0,84.6
泌尿器科,DR_U001,SL_0009,2025-08,15,8,0.533,15,1.0,1.0,83.3
泌尿器科,DR_U003,SL_0019,2025-08,384,209,0.544,384,1.0,4.0,80.3
泌尿器科,DR_U008,SL_0244,2025-08,17,9,0.529,17,1.0,4.0,79.8
泌尿器科,DR_U006,SL_0037,2025-08,201,100,0.498,201,1.0,4.0,78.7
泌尿器科,DR_U008,SL_0112,2025-08,305,132,0.433,305,1.0,5.0,75.5
泌尿器科,DR_U012,SL_0132,2025-08,161,69,0.429,161,1.0,5.0,75.3
泌尿器科,DR_U015,SL_0190,2025-08,48,18,0.375,48,1.0,5.0,73.5
泌尿器科,DR_U017,SL_0220,2025-08,16,1,0.062,16,1.0,0.0,68.7
泌尿器科,DR_U023,SL_0415,2025-08,11,3,0.273,11,1.0,6.5,68.4
泌尿器科,DR_U024,SL_0420,2025-08,12,3,0.25,12,1.0,7.0,67.1
泌尿器科,DR_U027,SL_0704,2025-08,54,15,0.278,53,0.981,6.5,67.0
泌尿器科,DR_U030,SL_0928,2025-08,51,12,0.235,51,1.0,7.0,66.6
泌尿器科,DR_U028,SL_0719,2025-08,72,10,0.139,72,1.0,11.0,58.9
泌尿器科,DR_U016,SL_0195,2025-08,10,1,0.1,10,1.0,11.0,57.6
泌尿器科,DR_U001,SL_0051,2025-08,2,1,0.5,2,1.0,4.5,
泌尿器科,DR_U006,SL_0009,2025-08,4,0,0.0,4,1.0,7.0,
泌尿器科,DR_U006,SL_0493,2025-08,7,2,0.286,7,1.0,9.0,
泌尿器科,DR_U008,SL_0130,2025-08,2,0,0.0,2,1.0,9.5,
泌尿器科,DR_U008,SL_0308,2025-08,1,1,1.0,1,1.0,0.0,
泌尿器科,DR_U009,SL_0121,2025-08,9,0,0.0,9,1.0,,
泌尿器科,DR_U010,SL_0009,2025-08,3,1,0.333,3,1.0,18.0,
泌尿器科,DR_U010,SL_0645,2025-08,4,1,0.25,4,1.0,6.5,
泌尿器科,DR_U012,SL_0009,2025-08,4,3,0.75,4,1.0,0.0,
泌尿器科,DR_U012,SL_0273,2025-08,1,0,0.0,1,1.0,21.0,
泌尿器科,DR_U014,SL_0186,2025-08,23,0,0.0,23,1.0,,
泌尿器科,DR_U015,SL_0009,2025-08,3,2,0.667,3,1.0,0.0,
泌尿器科,DR_U018,SL_0377,2025-08,5,2,0.4,5,1.0,9.0,
泌尿器科,DR_U020,SL_0864,2025-08,1,0,0.0,1,1.0,,
泌尿器科,DR_U021,SL_0009,2025-08,2,0,0.0,2,1.0,,
泌尿器科,DR_U021,SL_0284,2025-08,9,1,0.111,9,1.0,8.5,
泌尿器科,DR_U025,SL_0009,2025-08,2,0,0.0,2,1.0,,
泌尿器科,DR_U027,SL_0009,2025-08,2,1,0.5,2,1.0,2.0,
泌尿器科,,SL_0921,2025-08,3,1,0.333,3,1.0,7.0,
消化器内科,DR_GI001,SL_0009,2025-08,127,99,0.78,127,1.0,0.0,92.7
消化器内科,DR_GI006,SL_0826,2025-08,43,35,0.814,43,1.0,3.0,90.4
消化器内科,DR_GI006,SL_0120,2025-08,181,118,0.652,181,1.0,4.0,83.9
消化器内科,DR_GI008,SL_0315,2025-08,13,6,0.462,13,1.0,4.0,77.5
消化器内科,DR_GI005,SL_0152,2025-08,247,105,0.425,247,1.0,5.0,75.2
消化器内科,DR_GI002,SL_0730,2025-08,17,5,0.294,17,1.0,6.0,69.7
消化器内科,DR_GI005,SL_0847,2025-08,10,3,0.3,10,1.0,7.0,68.8
消化器内科,DR_GI003,SL_0451,2025-08,16,5,0.312,16,1.0,7.5,68.6
消化器内科,DR_GI008,SL_0214,2025-08,163,42,0.258,163,1.0,7.0,67.4
消化器内科,DR_GI002,SL_0046,2025-08,176,38,0.216,176,1.0,7.0,66.0
消化器内科,DR_GI006,SL_0320,2025-08,21,5,0.238,21,1.0,9.0,64.4
消化器内科,DR_GI009,SL_0370,2025-08,10,3,0.3,10,1.0,11.0,64.2
消化器内科,DR_GI003,SL_0083,2025-08,124,18,0.145,124,1.0,8.0,62.5
消化器内科,DR_GI003,SL_0861,2025-08,11,0,0.0,11,1.0,6.0,59.9
消化器内科,DR_GI005,SL_0362,2025-08,10,1,0.1,10,1.0,9.5,59.3
消化器内科,DR_PD012,SL_0475,2025-08,13,4,0.308,13,1.0,19.0,55.5
消化器内科,DR_GI003,SL_0502,2025-08,12,0,0.0,12,1.0,11.0,54.2
消化器内科,DR_GI006,SL_0258,2025-08,14,0,0.0,14,1.0,13.0,52.0
消化器内科,DR_GI001,SL_0365,2025-08,4,3,0.75,4,1.0,0.0,
消化器内科,DR_GI002,SL_0333,2025-08,1,0,0.0,1,1.0,11.0,
消化器内科,DR_GI002,SL_0423,2025-08,6,0,0.0,6,1.0,16.0,
消化器内科,DR_GI003,SL_0230,2025-08,1,1,1.0,1,1.0,4.0,
消化器内科,DR_GI005,SL_0009,2025-08,1,1,1.0,1,1.0,0.0,
消化器内科,DR_GI005,SL_0554,2025-08,8,3,0.375,8,1.0,7.5,
消化器内科,DR_GI006,SL_0009,2025-08,6,3,0.5,6,1.0,5.0,
消化器内科,DR_GI006,SL_0259,2025-08,1,0,0.0,1,1.0,6.0,
消化器内科,DR_GI007,SL_0009,2025-08,1,1,1.0,1,1.0,0.0,
消化器内科,DR_GI007,SL_0192,2025-08,3,0,0.0,3,1.0,24.0,
消化器内科,DR_GI008,SL_0009,2025-08,4,1,0.25,4,1.0,7.5,
消化器内科,DR_GI008,SL_0409,2025-08,9,0,0.0,9,1.0,12.0,
消化器内科,DR_GI009,SL_0009,2025-08,1,0,0.0,1,1.0,15.0,
消化器内科,DR_GI010,SL_0005,2025-08,11,0,0.0,11,1.0,,
消化器内科,DR_GI011,SL_0385,2025-08,1,0,0.0,1,1.0,16.0,
消化器内科,DR_GI012,SL_0009,2025-08,7,1,0.143,7,1.0,4.0,
消化器内科,DR_GI012,SL_0457,2025-08,3,1,0.333,2,0.667,1.0,
消化器内科,DR_GI014,SL_0009,2025-08,1,1,1.0,1,1.0,0.0,
消化器内科,,SL_0697,2025-08,1,0,0.0,1,1.0,30.0,
産婦人科,DR_G014,SL_0488,2025-08,13,13,1.0,13,1.0,0.0,100.0
産婦人科,DR_G012,SL_0358,2025-08,42,41,0.976,42,1.0,0.0,99.2
産婦人科,DR_G010,SL_0331,2025-08,26,24,0.923,26,1.0,0.0,97.4
産婦人科,DR_G006,SL_0208,2025-08,78,54,0.692,78,1.0,0.0,89.7
産婦人科,DR_G004,SL_0009,2025-08,16,9,0.562,16,1.0,2.0,83.1
産婦人科,DR_G004,SL_0124,2025-08,230,130,0.565,230,1.0,3.0,82.1
産婦人科,DR_G003,SL_0028,2025-08,223,117,0.525,223,1.0,4.0,79.6
産婦人科,DR_G004,SL_0029,2025-08,57,28,0.491,57,1.0,4.0,78.5
産婦人科,DR_G011,SL_0009,2025-08,74,36,0.486,74,1.0,5.0,77.2
産婦人科,DR_G005,SL_0371,2025-08,65,31,0.477,65,1.0,5.0,76.9
産婦人科,DR_G006,SL_0068,2025-08,41,18,0.439,41,1.0,5.0,75.7
産婦人科,DR_G003,SL_0009,2025-08,38,8,0.211,38,1.0,0.0,73.7
産婦人科,DR_G005,SL_0049,2025-08,185,73,0.395,185,1.0,6.0,73.1
産婦人科,DR_G013,SL_0369,2025-08,34,7,0.206,34,1.0,1.0,72.4
産婦人科,DR_G008,SL_0125,2025-08,12,4,0.333,12,1.0,6.0,71.0
産婦人科,DR_G008,SL_0009,2025-08,13,2,0.154,13,1.0,1.0,70.7
産婦人科,DR_G002,SL_0005,2025-08,45,2,0.044,45,1.0,1.5,66.4
産婦人科,DR_G001,SL_0003,2025-08,143,52,0.364,142,0.993,11.0,65.8
産婦人科,DR_G007,SL_0294,2025-08,31,7,0.226,31,1.0,10.0,62.9
産婦人科,DR_G003,SL_0287,2025-08,13,2,0.154,13,1.0,9.0,61.6
産婦人科,DR_G009,SL_0166,2025-08,11,2,0.182,11,1.0,10.0,61.4
産婦人科,DR_G019,SL_0712,2025-08,11,2,0.182,11,1.0,12.0,59.2
産婦人科,DR_G018,SL_0706,2025-08,35,6,0.171,35,1.0,12.5,58.2
産婦人科,DR_G007,SL_0097,2025-08,54,9,0.167,54,1.0,13.5,57.0
産婦人科,DR_G008,SL_0207,2025-08,118,15,0.127,118,1.0,13.0,56.2
産婦人科,DR_G008,SL_0316,2025-08,22,1,0.045,22,1.0,17.0,49.0
産婦人科,DR_G018,SL_0754,2025-08,35,4,0.114,35,1.0,19.0,49.0
産婦人科,DR_G006,SL_0009,2025-08,10,1,0.1,10,1.0,19.0,48.5
産婦人科,DR_G005,SL_0009,2025-08,43,1,0.023,43,1.0,20.0,44.8
産婦人科,DR_G001,SL_0009,2025-08,9,3,0.333,9,1.0,10.0,
産婦人科,DR_G003,SL_0765,2025-08,4,1,0.25,4,1.0,7.5,
産婦人科,DR_G004,SL_0347,2025-08,8,3,0.375,8,1.0,7.0,
産婦人科,DR_G005,SL_0588,2025-08,8,2,0.25,8,1.0,11.5,
産婦人科,DR_G005,SL_0830,2025-08,1,0,0.0,1,1.0,14.0,
産婦人科,DR_G006,SL_0517,2025-08,5,3,0.6,5,1.0,0.0,
産婦人科,DR_G007,SL_0009,2025-08,2,1,0.5,2,1.0,4.0,
産婦人科,DR_G007,SL_0448,2025-08,9,4,0.444,9,1.0,8.0,
産婦人科,DR_G008,SL_0317,2025-08,2,0,0.0,2,1.0,25.5,
産婦人科,DR_G011,SL_0489,2025-08,3,0,0.0,3,1.0,47.0,
産婦人科,DR_G013,SL_0009,2025-08,1,0,0.0,1,1.0,9.0,
産婦人科,DR_G015,SL_0507,2025-08,13,0,0.0,13,1.0,,
産婦人科,DR_G016,SL_0571,2025-08,10,0,0.0,10,1.0,,
産婦人科,DR_G017,SL_0672,2025-08,4,3,0.75,4,1.0,3.5,
産婦人科,DR_G019,SL_0960,2025-08,2,0,0.0,2,1.0,,
皮膚・排泄ケア,DR_XX008,SL_0009,2025-08,59,0,0.0,59,1.0,,
皮膚・排泄ケア,DR_XX008,SL_0119,2025-08,14,0,0.0,14,1.0,,
皮膚科,DR_DM005,SL_0009,2025-08,21,14,0.667,21,1.0,0.0,88.9
皮膚科,DR_DM006,SL_0009,2025-08,30,20,0.667,30,1.0,0.0,88.9
皮膚科,DR_DM001,SL_0009,2025-08,11,7,0.636,11,1.0,0.0,87.9
皮膚科,DR_DM002,SL_0009,2025-08,40,25,0.625,40,1.0,0.0,87.5
皮膚科,DR_DM003,SL_0009,2025-08,29,17,0.586,29,1.0,0.0,86.2
皮膚科,DR_DM010,SL_0009,2025-08,13,7,0.538,13,1.0,0.0,84.6
皮膚科,DR_DM002,SL_0056,2025-08,161,37,0.23,161,1.0,8.0,65.3
皮膚科,DR_DM008,SL_0009,2025-08,64,17,0.266,64,1.0,11.0,63.1
皮膚科,DR_DM005,SL_0101,2025-08,190,34,0.179,190,1.0,9.0,62.5
皮膚科,DR_DM003,SL_0091,2025-08,143,21,0.147,143,1.0,9.0,61.4
皮膚科,DR_DM006,SL_0161,2025-08,123,16,0.13,123,1.0,9.0,60.8
皮膚科,DR_DM009,SL_0292,2025-08,46,5,0.109,46,1.0,9.0,60.1
皮膚科,DR_DM007,SL_0197,2025-08,36,2,0.056,36,1.0,10.5,56.7
皮膚科,DR_DM001,SL_0173,2025-08,165,9,0.055,165,1.0,11.0,56.1
皮膚科,DR_DM001,SL_0039,2025-08,4,0,0.0,4,1.0,28.5,
皮膚科,DR_DM002,SL_0433,2025-08,6,0,0.0,6,1.0,11.5,
皮膚科,DR_DM003,SL_0562,2025-08,2,0,0.0,2,1.0,19.0,
皮膚科,DR_DM005,SL_0784,2025-08,6,0,0.0,6,1.0,20.0,
皮膚科,DR_DM009,SL_0461,2025-08,3,0,0.0,3,1.0,20.0,
皮膚科,DR_DM010,SL_0690,2025-08,2,1,0.5,2,1.0,8.0,
皮膚科,DR_DM011,SL_0005,2025-08,6,0,0.0,6,1.0,,
皮膚科,DR_DM012,SL_0669,2025-08,3,1,0.333,3,1.0,6.0,
看護部,DR_XX015,SL_0311,2025-08,10,10,1.0,10,1.0,0.0,100.0
看護部,DR_XX006,SL_0075,2025-08,52,35,0.673,52,1.0,0.0,89.1
看護部,DR_XX006,SL_0009,2025-08,36,19,0.528,36,1.0,0.0,84.3
看護部,DR_XX015,SL_0009,2025-08,1,0,0.0,1,1.0,,
看護部,DR_XX021,SL_0464,2025-08,8,0,0.0,8,1.0,,
眼科,DR_E020,SL_0400,2025-08,43,43,1.0,43,1.0,0.0,100.0
眼科,DR_E021,SL_0200,2025-08,37,37,1.0,37,1.0,0.0,100.0
眼科,DR_E021,SL_0218,2025-08,11,11,1.0,11,1.0,0.0,100.0
眼科,DR_E032,SL_0447,2025-08,11,11,1.0,11,1.0,0.0,100.0
眼科,DR_E020,SL_0009,2025-08,31,30,0.968,31,1.0,0.0,98.9
眼科,DR_E003,SL_0035,2025-08,136,126,0.926,136,1.0,0.0,97.5
眼科,DR_E005,SL_0054,2025-08,155,140,0.903,155,1.0,0.0,96.8
眼科,DR_E014,SL_0138,2025-08,18,16,0.889,18,1.0,0.0,96.3
眼科,DR_E018,SL_0170,2025-08,311,262,0.842,311,1.0,0.0,94.7
眼科,DR_E002,SL_0136,2025-08,134,117,0.873,134,1.0,2.0,93.5
眼科,DR_E023,SL_0009,2025-08,22,18,0.818,22,1.0,1.5,92.2
眼科,DR_E016,SL_0151,2025-08,84,62,0.738,84,1.0,1.0,90.1
眼科,DR_E025,SL_0363,2025-08,29,23,0.793,29,1.0,3.0,89.7
眼科,DR_E027,SL_0009,2025-08,10,7,0.7,10,1.0,0.5,89.4
眼科,DR_E002,SL_0221,2025-08,25,17,0.68,25,1.0,2.0,87.1
眼科,DR_E017,SL_0009,2025-08,46,30,0.652,46,1.0,2.0,86.1
眼科,DR_E030,SL_0442,2025-08,19,11,0.579,19,1.0,0.0,86.0
眼科,DR_E002,SL_0026,2025-08,32,20,0.625,32,1.0,3.0,84.1
眼科,DR_E006,SL_0404,2025-08,12,6,0.5,12,1.0,4.5,78.2
眼科,DR_E006,SL_0187,2025-08,120,50,0.417,120,1.0,5.0,74.9
眼科,DR_E011,SL_0115,2025-08,50,19,0.38,50,1.0,5.0,73.7
眼科,DR_E011,SL_0164,2025-08,184,68,0.37,184,1.0,5.0,73.4
眼科,DR_E007,SL_0087,2025-08,141,51,0.362,141,1.0,5.0,73.1
眼科,DR_E001,SL_0007,2025-08,203,70,0.345,202,0.995,6.0,71.0
眼科,DR_E006,SL_0342,2025-08,57,17,0.298,57,1.0,5.5,70.4
眼科,DR_E017,SL_0154,2025-08,308,95,0.308,308,1.0,8.0,67.9
眼科,DR_E015,SL_0145,2025-08,31,1,0.032,31,1.0,0.0,67.7
眼科,DR_E008,SL_0009,2025-08,10,3,0.3,10,1.0,8.5,67.1
眼科,DR_E008,SL_0104,2025-08,100,20,0.2,100,1.0,7.0,65.4
眼科,DR_E019,SL_0327,2025-08,35,6,0.171,35,1.0,7.5,63.9
眼科,DR_E027,SL_0394,2025-08,105,16,0.152,105,1.0,7.0,63.8
眼科,DR_E029,SL_0414,2025-08,23,3,0.13,23,1.0,7.0,63.1
眼科,DR_E009,SL_0341,2025-08,13,2,0.154,13,1.0,9.0,61.6
眼科,DR_E009,SL_0211,2025-08,69,5,0.072,69,1.0,7.0,61.2
眼科,DR_E009,SL_0113,2025-08,114,11,0.096,114,1.0,8.0,60.8
眼科,DR_E019,SL_0009,2025-08,10,0,0.0,10,1.0,11.0,54.2
眼科,DR_E024,SL_0335,2025-08,38,2,0.053,38,1.0,13.0,53.7
眼科,DR_E004,SL_0036,2025-08,41,4,0.098,41,1.0,20.0,47.3
眼科,DR_E001,SL_0009,2025-08,1,1,1.0,1,1.0,0.0,
眼科,DR_E001,SL_0388,2025-08,2,0,0.0,2,1.0,46.5,
眼科,DR_E002,SL_0009,2025-08,1,1,1.0,1,1.0,2.0,
眼科,DR_E005,SL_0009,2025-08,4,4,1.0,4,1.0,0.0,
眼科,DR_E006,SL_0009,2025-08,3,0,0.0,3,1.0,6.0,
眼科,DR_E007,SL_0009,2025-08,8,2,0.25,8,1.0,9.0,
眼科,DR_E007,SL_0468,2025-08,2,0,0.0,2,1.0,14.5,
眼科,DR_E008,SL_0416,2025-08,1,0,0.0,1,1.0,,
眼科,DR_E009,SL_0009,2025-08,9,2,0.222,9,1.0,11.0,
眼科,DR_E011,SL_0497,2025-08,2,2,1.0,2,1.0,0.0,
眼科,DR_E012,SL_0009,2025-08,9,6,0.667,9,1.0,3.0,
眼科,DR_E012,SL_0199,2025-08,1,0,0.0,1,1.0,15.0,
眼科,DR_E015,SL_0009,2025-08,1,0,0.0,1,1.0,,
眼科,DR_E016,SL_0009,2025-08,8,6,0.75,8,1.0,1.0,
眼科,DR_E019,SL_0520,2025-08,2,0,0.0,2,1.0,7.5,
眼科,DR_E022,SL_0224,2025-08,6,3,0.5,6,1.0,0.0,
眼科,DR_E023,SL_0319,2025-08,3,2,0.667,3,1.0,0.0,
眼科,DR_E026,SL_0392,2025-08,5,2,0.4,5,1.0,0.0,
眼科,DR_E028,SL_0402,2025-08,8,6,0.75,8,1.0,0.0,
眼科,DR_E029,SL_0009,2025-08,4,1,0.25,4,1.0,8.5,
眼科,DR_E031,SL_0446,2025-08,4,4,1.0,4,1.0,0.0,
眼科,DR_E033,SL_0578,2025-08,2,1,0.5,2,1.0,20.0,
眼科,DR_E033,SL_0656,2025-08,2,2,1.0,2,1.0,0.0,
眼科,DR_E042,SL_0965,2025-08,1,0,0.0,1,1.0,,
眼科,DR_XX009,SL_0466,2025-08,1,0,0.0,1,1.0,,
眼科,,SL_0647,2025-08,1,1,1.0,1,1.0,1.0,
禁煙外来,DR_RS2008,SL_0127,2025-08,8,0,0.0,8,1.0,24.0,
禁煙外来,DR_RS2008,SL_0764,2025-08,1,0,0.0,1,1.0,43.0,
移行期医療支援外来,DR_XX033,SL_0685,2025-08,1,0,0.0,1,1.0,,
総合内科,DR_GM001,SL_0009,2025-08,40,29,0.725,40,1.0,1.0,89.7
総合内科,DR_GM004,SL_0009,2025-08,181,121,0.669,181,1.0,1.0,87.8
総合内科,DR_GM001,SL_0016,2025-08,13,7,0.538,13,1.0,4.0,80.1
総合内科,DR_GM004,SL_0073,2025-08,15,7,0.467,15,1.0,9.0,72.1
総合内科,DR_GM008,SL_0149,2025-08,17,5,0.294,17,1.0,6.0,69.7
総合内科,DR_GM012,SL_0009,2025-08,57,15,0.263,57,1.0,9.0,65.3
総合内科,DR_GM003,SL_0071,2025-08,58,8,0.138,58,1.0,8.0,62.2
総合内科,DR_GM016,SL_0289,2025-08,54,6,0.111,54,1.0,8.0,61.3
総合内科,DR_GM004,SL_0157,2025-08,39,12,0.308,39,1.0,14.0,61.1
総合内科,DR_GM013,SL_0247,2025-08,32,6,0.188,32,1.0,10.5,61.1
総合内科,DR_GM017,SL_0330,2025-08,35,4,0.114,35,1.0,9.0,60.3
総合内科,DR_GM006,SL_0144,2025-08,35,4,0.114,35,1.0,10.0,59.2
総合内科,DR_GM007,SL_0148,2025-08,26,3,0.115,26,1.0,10.0,59.2
総合内科,DR_GM009,SL_0172,2025-08,144,11,0.076,144,1.0,11.0,56.8
総合内科,DR_GM026,SL_0757,2025-08,32,3,0.094,32,1.0,11.5,56.8
総合内科,DR_GM012,SL_0238,2025-08,112,14,0.125,112,1.0,13.0,56.1
総合内科,DR_GM018,SL_0337,2025-08,18,0,0.0,18,1.0,10.0,55.4
総合内科,DR_GM004,SL_0254,2025-08,11,3,0.273,11,1.0,21.0,52.0
総合内科,DR_GM029,SL_0755,2025-08,17,1,0.059,17,1.0,15.5,51.1
総合内科,DR_GM002,SL_0040,2025-08,13,0,0.0,13,1.0,14.5,50.3
総合内科,DR_GM014,SL_0249,2025-08,20,2,0.1,20,1.0,21.5,45.7
総合内科,DR_GM036,SL_0940,2025-08,19,0,0.0,19,1.0,19.0,45.2
総合内科,DR_GM004,SL_0467,2025-08,2,0,0.0,0,0.0,27.0,
総合内科,DR_GM007,SL_0009,2025-08,1,0,0.0,1,1.0,10.0,
総合内科,DR_GM009,SL_0009,2025-08,1,0,0.0,1,1.0,53.0,
総合内科,DR_GM011,SL_0009,2025-08,4,1,0.25,4,1.0,19.0,
総合内科,DR_GM011,SL_0231,2025-08,3,1,0.333,3,1.0,5.0,
総合内科,DR_GM013,SL_0009,2025-08,1,1,1.0,1,1.0,0.0,
総合内科,DR_GM014,SL_0009,2025-08,1,0,0.0,1,1.0,9.0,
総合内科,DR_GM015,SL_0005,2025-08,4,0,0.0,4,1.0,,
総合内科,DR_GM016,SL_0009,2025-08,1,0,0.0,1,1.0,10.0,
総合内科,DR_GM017,SL_0009,2025-08,1,0,0.0,1,1.0,14.0,
総合内科,DR_GM018,SL_0009,2025-08,2,1,0.5,2,1.0,11.0,
総合内科,DR_GM019,SL_0009,2025-08,3,3,1.0,3,1.0,0.0,
総合内科,DR_GM019,SL_0471,2025-08,7,0,0.0,7,1.0,31.5,
総合内科,DR_GM021,SL_0482,2025-08,1,0,0.0,1,1.0,12.0,
総合内科,DR_GM022,SL_0009,2025-08,1,1,1.0,1,1.0,4.0,
総合内科,DR_GM022,SL_0548,2025-08,8,2,0.25,8,1.0,5.5,
総合内科,DR_GM024,SL_0009,2025-08,1,1,1.0,1,1.0,0.0,
総合内科,DR_GM026,SL_0009,2025-08,2,0,0.0,2,1.0,21.5,
総合内科,DR_GM029,SL_0009,2025-08,3,0,0.0,3,1.0,11.0,
緩和ケアチーム,DR_XX017,SL_0009,2025-08,14,0,0.0,14,1.0,,
緩和ケアチーム,DR_XX017,SL_0367,2025-08,6,0,0.0,6,1.0,,
緩和ケアチーム,DR_XX026,SL_0547,2025-08,1,0,0.0,1,1.0,,
緩和ケアチーム,DR_XX029,SL_0009,2025-08,1,0,0.0,1,1.0,,
緩和ケアチーム,DR_XX029,SL_0649,2025-08,1,0,0.0,1,1.0,,
耳鼻咽喉科,DR_ENT003,SL_0064,2025-08,175,168,0.96,175,1.0,0.0,98.7
耳鼻咽喉科,DR_ENT022,SL_0716,2025-08,93,88,0.946,93,1.0,0.0,98.2
耳鼻咽喉科,DR_ENT005,SL_0099,2025-08,75,69,0.92,75,1.0,0.0,97.3
耳鼻咽喉科,DR_ENT008,SL_0636,2025-08,12,12,1.0,12,1.0,3.0,96.6
耳鼻咽喉科,DR_ENT003,SL_0063,2025-08,26,23,0.885,26,1.0,0.0,96.2
耳鼻咽喉科,DR_ENT004,SL_0242,2025-08,18,14,0.778,18,1.0,3.0,89.2
耳鼻咽喉科,DR_ENT004,SL_0181,2025-08,139,86,0.619,139,1.0,3.0,83.9
耳鼻咽喉科,DR_ENT004,SL_0009,2025-08,102,65,0.637,102,1.0,4.0,83.4
耳鼻咽喉科,DR_ENT008,SL_0155,2025-08,152,81,0.533,152,1.0,4.0,79.9
耳鼻咽喉科,DR_ENT001,SL_0009,2025-08,85,45,0.529,85,1.0,4.0,79.8
耳鼻咽喉科,DR_ENT010,SL_0009,2025-08,12,5,0.417,12,1.0,5.0,74.9
耳鼻咽喉科,DR_ENT002,SL_0048,2025-08,43,16,0.372,43,1.0,5.0,73.4
耳鼻咽喉科,DR_ENT011,SL_0009,2025-08,19,7,0.368,19,1.0,5.0,73.3
耳鼻咽喉科,DR_ENT015,SL_0360,2025-08,11,4,0.364,11,1.0,5.0,73.2
耳鼻咽喉科,DR_ENT002,SL_0009,2025-08,13,5,0.385,13,1.0,7.0,71.6
耳鼻咽喉科,DR_ENT011,SL_0232,2025-08,33,11,0.333,33,1.0,7.0,69.9
耳鼻咽喉科,DR_ENT007,SL_0117,2025-08,11,1,0.091,11,1.0,0.0,69.7
耳鼻咽喉科,DR_ENT013,SL_0009,2025-08,23,6,0.261,23,1.0,7.5,66.9
耳鼻咽喉科,DR_ENT019,SL_0700,2025-08,77,21,0.273,75,0.974,6.0,66.8
耳鼻咽喉科,DR_ENT010,SL_0225,2025-08,17,4,0.235,17,1.0,7.0,66.6
耳鼻咽喉科,DR_ENT001,SL_0095,2025-08,154,40,0.26,154,1.0,9.0,65.2
耳鼻咽喉科,DR_ENT024,SL_0936,2025-08,39,9,0.231,39,1.0,9.0,64.2
耳鼻咽喉科,DR_ENT013,SL_0293,2025-08,53,13,0.245,53,1.0,11.0,62.4
耳鼻咽喉科,DR_ENT024,SL_0934,2025-08,71,10,0.141,71,1.0,10.0,60.1
耳鼻咽喉科,DR_ENT021,SL_0710,2025-08,47,4,0.085,47,1.0,15.0,52.6
耳鼻咽喉科,DR_ENT010,SL_0536,2025-08,11,1,0.091,11,1.0,27.0,39.2
耳鼻咽喉科,DR_ENT002,SL_0771,2025-08,1,0,0.0,1,1.0,12.0,
耳鼻咽喉科,DR_ENT003,SL_0009,2025-08,3,3,1.0,3,1.0,0.0,
耳鼻咽喉科,DR_ENT005,SL_0009,2025-08,4,4,1.0,4,1.0,0.0,
耳鼻咽喉科,DR_ENT007,SL_0009,2025-08,12,0,0.0,12,1.0,,
耳鼻咽喉科,DR_ENT008,SL_0009,2025-08,2,2,1.0,2,1.0,0.0,
耳鼻咽喉科,DR_ENT008,SL_0215,2025-08,1,0,0.0,1,1.0,7.0,
耳鼻咽喉科,DR_ENT009,SL_0009,2025-08,7,2,0.286,7,1.0,17.0,
耳鼻咽喉科,DR_ENT009,SL_0510,2025-08,3,1,0.333,3,1.0,6.0,
耳鼻咽喉科,DR_ENT010,SL_0346,2025-08,2,1,0.5,2,1.0,8.5,
耳鼻咽喉科,DR_ENT014,SL_0300,2025-08,3,2,0.667,3,1.0,4.0,
耳鼻咽喉科,DR_ENT016,SL_0009,2025-08,1,0,0.0,1,1.0,,
耳鼻咽喉科,DR_ENT016,SL_0449,2025-08,5,0,0.0,5,1.0,30.0,
耳鼻咽喉科,DR_ENT017,SL_0005,2025-08,4,0,0.0,4,1.0,,
耳鼻咽喉科,DR_ENT019,SL_0009,2025-08,5,3,0.6,5,1.0,0.0,
耳鼻咽喉科,DR_ENT021,SL_0009,2025-08,2,1,0.5,2,1.0,18.5,
耳鼻咽喉科,DR_ENT022,SL_0009,2025-08,2,2,1.0,2,1.0,0.0,
耳鼻咽喉科,DR_ENT023,SL_0792,2025-08,1,0,0.0,1,1.0,,
耳鼻咽喉科,DR_ENT024,SL_0009,2025-08,8,5,0.625,8,1.0,3.5,
脳神経内科,DR_NR002,SL_0009,2025-08,56,44,0.786,56,1.0,0.0,92.9
脳神経内科,DR_NR003,SL_0160,2025-08,110,69,0.627,110,1.0,3.0,84.2
脳神経内科,DR_NR001,SL_0013,2025-08,133,37,0.278,133,1.0,6.0,69.2
脳神経内科,DR_NR001,SL_0009,2025-08,15,3,0.2,15,1.0,6.0,66.6
脳神経内科,DR_NR005,SL_0291,2025-08,48,9,0.188,48,1.0,8.0,63.9
脳神経内科,DR_NR001,SL_0437,2025-08,2,0,0.0,2,1.0,29.0,
脳神経内科,DR_NR001,SL_0677,2025-08,1,0,0.0,1,1.0,14.0,
脳神経内科,DR_NR001,SL_0795,2025-08,2,0,0.0,2,1.0,10.0,
脳神経内科,DR_NR002,SL_0205,2025-08,3,3,1.0,3,1.0,0.0,
脳神経内科,DR_NR003,SL_0009,2025-08,4,1,0.25,4,1.0,7.0,
脳神経内科,DR_NR003,SL_0469,2025-08,3,0,0.0,3,1.0,11.0,
脳神経内科,DR_NR005,SL_0009,2025-08,3,1,0.333,3,1.0,20.0,
脳神経内科,DR_NR005,SL_0577,2025-08,3,2,0.667,3,1.0,0.0,
脳神経内科,DR_NR006,SL_0428,2025-08,4,1,0.25,4,1.0,8.5,
脳神経内科,DR_NR009,SL_0005,2025-08,4,0,0.0,4,1.0,23.0,
脳神経外科,DR_NS001,SL_0009,2025-08,20,12,0.6,20,1.0,1.0,85.5
脳神経外科,DR_NS005,SL_0343,2025-08,25,2,0.08,25,1.0,9.0,59.2
脳神経外科,DR_NS003,SL_0184,2025-08,38,3,0.079,38,1.0,9.0,59.1
脳神経外科,DR_NS006,SL_0352,2025-08,15,1,0.067,15,1.0,11.0,56.5
脳神経外科,DR_NS004,SL_0302,2025-08,21,2,0.095,21,1.0,12.0,56.3
脳神経外科,DR_NS012,SL_0937,2025-08,12,1,0.083,12,1.0,13.5,54.2
脳神経外科,DR_NS008,SL_0424,2025-08,10,0,0.0,10,1.0,18.0,46.3
脳神経外科,DR_NS001,SL_0002,2025-08,1,1,1.0,1,1.0,0.0,
脳神経外科,DR_NS002,SL_0009,2025-08,1,0,0.0,1,1.0,16.0,
脳神経外科,DR_NS002,SL_0017,2025-08,2,0,0.0,1,0.5,15.5,
脳神経外科,DR_NS004,SL_0009,2025-08,1,0,0.0,1,1.0,6.0,
脳神経外科,DR_NS004,SL_0610,2025-08,2,1,0.5,2,1.0,8.0,
脳神経外科,DR_NS005,SL_0009,2025-08,1,1,1.0,1,1.0,0.0,
脳神経外科,DR_NS005,SL_0659,2025-08,1,0,0.0,1,1.0,23.0,
脳神経外科,DR_NS007,SL_0411,2025-08,3,0,0.0,3,1.0,17.5,
脳神経外科,DR_NS007,SL_0662,2025-08,2,2,1.0,2,1.0,0.0,
脳神経外科,DR_NS008,SL_0009,2025-08,3,0,0.0,3,1.0,6.0,
脳神経外科,DR_NS008,SL_0681,2025-08,5,1,0.2,5,1.0,36.0,
脳神経外科,DR_NS010,SL_0812,2025-08,2,0,0.0,2,1.0,,
脳神経外科,DR_NS013,SL_0953,2025-08,7,0,0.0,7,1.0,7.5,
腎内科,DR_NE004,SL_0348,2025-08,52,43,0.827,52,1.0,0.0,94.2
腎内科,DR_NE005,SL_0009,2025-08,36,22,0.611,36,1.0,0.0,87.0
腎内科,DR_NE002,SL_0041,2025-08,243,77,0.317,243,1.0,6.0,70.5
腎内科,DR_NE006,SL_0364,2025-08,21,8,0.381,21,1.0,10.0,68.1
腎内科,DR_NE001,SL_0027,2025-08,181,26,0.144,181,1.0,8.0,62.4
腎内科,DR_NE003,SL_0203,2025-08,92,14,0.152,92,1.0,9.0,61.6
腎内科,DR_NE003,SL_0009,2025-08,11,1,0.091,11,1.0,15.0,52.8
腎内科,DR_DB002,SL_0282,2025-08,53,5,0.094,53,1.0,16.5,51.2
腎内科,DR_NE001,SL_0009,2025-08,31,3,0.097,31,1.0,22.0,45.0
腎内科,DR_NE001,SL_0380,2025-08,3,0,0.0,3,1.0,10.0,
腎内科,DR_NE002,SL_0009,2025-08,5,4,0.8,5,1.0,0.0,
腎内科,DR_NE002,SL_0453,2025-08,5,2,0.4,5,1.0,2.5,
腎内科,DR_NE003,SL_0405,2025-08,2,0,0.0,2,1.0,12.0,
腎内科,DR_NE005,SL_0540,2025-08,5,3,0.6,5,1.0,4.0,
腎内科,DR_NE006,SL_0009,2025-08,1,1,1.0,1,1.0,0.0,
腎内科,DR_NE006,SL_0946,2025-08,2,1,0.5,2,1.0,7.0,
腎内科,DR_NE007,SL_0009,2025-08,2,2,1.0,2,1.0,0.0,
腎内科,DR_NE008,SL_0005,2025-08,3,0,0.0,3,1.0,,
腎内科,DR_NE010,SL_0804,2025-08,1,1,1.0,1,1.0,1.0,
臨床工学技師,DR_XX007,SL_0009,2025-08,3,0,0.0,3,1.0,,
臨床工学技師,DR_XX007,SL_0076,2025-08,107,0,0.0,107,1.0,,
臨床工学技師,DR_XX007,SL_0321,2025-08,127,0,0.0,127,1.0,,
臨床腫瘍科,DR_ON001,SL_0088,2025-08,90,15,0.167,90,1.0,10.0,60.9
臨床腫瘍科,DR_ON001,SL_0009,2025-08,18,1,0.056,18,1.0,9.5,57.8
臨床腫瘍科,DR_ON001,SL_0633,2025-08,12,0,0.0,12,1.0,21.5,42.4
臨床腫瘍科,DR_ON002,SL_0543,2025-08,3,1,0.333,3,1.0,8.0,
臨床腫瘍科,DR_ON003,SL_0603,2025-08,4,0,0.0,4,1.0,47.0,
臨床腫瘍科,DR_ON004,SL_0666,2025-08,1,1,1.0,1,1.0,0.0,
臨床腫瘍科,DR_ON005,SL_0009,2025-08,1,0,0.0,1,1.0,23.0,
臨床腫瘍科,DR_ON006,SL_0005,2025-08,3,0,0.0,3,1.0,,
薬剤部,DR_XX013,SL_0234,2025-08,116,112,0.966,116,1.0,0.0,98.9
薬剤部,DR_XX014,SL_0268,2025-08,11,7,0.636,11,1.0,0.0,87.9
薬剤部,DR_XX013,SL_0009,2025-08,6,6,1.0,6,1.0,0.0,
薬剤部,DR_XX014,SL_0477,2025-08,9,8,0.889,9,1.0,0.0,
薬剤部,DR_XX023,SL_0508,2025-08,8,0,0.0,8,1.0,,
薬剤部,DR_XX023,SL_0551,2025-08,1,1,1.0,1,1.0,0.0,
血液内科,DR_HE005,SL_0216,2025-08,65,51,0.785,65,1.0,1.0,91.7
血液内科,DR_HE006,SL_0009,2025-08,38,25,0.658,38,1.0,0.0,88.6
血液内科,DR_HE004,SL_0009,2025-08,13,9,0.692,13,1.0,2.0,87.5
血液内科,DR_HE007,SL_0005,2025-08,21,13,0.619,21,1.0,0.0,87.3
血液内科,DR_RH005,SL_0156,2025-08,31,20,0.645,31,1.0,2.0,85.9
血液内科,DR_HE004,SL_0169,2025-08,130,81,0.623,130,1.0,3.0,84.0
血液内科,DR_HE009,SL_0383,2025-08,17,8,0.471,17,1.0,0.0,82.4
血液内科,DR_HE001,SL_0012,2025-08,157,76,0.484,157,1.0,4.5,77.7
血液内科,DR_HE003,SL_0096,2025-08,113,43,0.381,113,1.0,5.0,73.7
血液内科,DR_HE002,SL_0089,2025-08,71,16,0.225,71,1.0,7.0,66.3
血液内科,DR_HE010,SL_0439,2025-08,53,8,0.151,53,1.0,8.0,62.7
血液内科,DR_GM018,SL_0389,2025-08,21,1,0.048,21,1.0,9.0,58.1
血液内科,DR_HE008,SL_0339,2025-08,16,0,0.0,16,1.0,20.0,44.1
血液内科,DR_GM018,SL_0009,2025-08,1,0,0.0,1,1.0,8.0,
血液内科,DR_HE001,SL_0009,2025-08,2,1,0.5,2,1.0,11.0,
血液内科,DR_HE001,SL_0266,2025-08,1,0,0.0,1,1.0,12.0,
血液内科,DR_HE001,SL_0615,2025-08,4,3,0.75,4,1.0,2.0,
血液内科,DR_HE002,SL_0009,2025-08,2,2,1.0,2,1.0,1.5,
血液内科,DR_HE002,SL_0527,2025-08,8,3,0.375,8,1.0,5.0,
血液内科,DR_HE003,SL_0009,2025-08,1,0,0.0,1,1.0,7.0,
血液内科,DR_HE003,SL_0445,2025-08,4,2,0.5,4,1.0,11.0,
血液内科,DR_HE003,SL_0617,2025-08,1,0,0.0,1,1.0,22.0,
血液内科,DR_HE003,SL_0620,2025-08,1,1,1.0,1,1.0,4.0,
血液内科,DR_HE004,SL_0131,2025-08,3,1,0.333,3,1.0,6.0,
血液内科,DR_HE005,SL_0009,2025-08,4,4,1.0,4,1.0,0.0,
血液内科,DR_HE006,SL_0670,2025-08,1,0,0.0,1,1.0,12.0,
血液内科,DR_HE010,SL_0675,2025-08,5,2,0.4,5,1.0,13.0,
血液内科,DR_HE010,SL_0851,2025-08,5,3,0.6,5,1.0,2.0,
血液内科,DR_HE011,SL_0009,2025-08,1,1,1.0,1,1.0,3.0,
血液内科,DR_HE011,SL_0788,2025-08,2,0,0.0,2,1.0,14.0,
血液内科,DR_HE013,SL_0875,2025-08,2,1,0.5,1,0.5,3.0,
血液内科,DR_RH005,SL_0009,2025-08,5,5,1.0,5,1.0,0.0,
退院支援,DR_XX004,SL_0059,2025-08,24,15,0.625,24,1.0,0.0,87.5
退院支援,DR_XX004,SL_0143,2025-08,100,60,0.6,100,1.0,0.0,86.7
退院支援,DR_XX004,SL_0271,2025-08,27,13,0.481,27,1.0,0.0,82.7
通院治療センター,DR_XX003,SL_0009,2025-08,11,2,0.182,11,1.0,17.0,53.5
通院治療センター,DR_XX003,SL_0305,2025-08,29,1,0.034,29,1.0,21.0,44.1
遺伝診療科,DR_XX019,SL_0005,2025-08,10,7,0.7,10,1.0,0.0,90.0
遺伝診療科,DR_XX020,SL_0357,2025-08,14,0,0.0,14,1.0,24.0,39.5
遺伝診療科,DR_XX011,SL_0009,2025-08,10,3,0.3,6,0.6,6.0,36.6
遺伝診療科,DR_XX011,SL_0296,2025-08,8,4,0.5,6,0.75,6.0,
遺伝診療科,DR_XX025,SL_0532,2025-08,7,5,0.714,7,1.0,0.0,
遺伝診療科,DR_XX032,SL_0009,2025-08,2,2,1.0,2,1.0,0.0,
骨転移カンファレンス,DR_XX016,SL_0009,2025-08,1,0,0.0,1,1.0,,
骨転移カンファレンス,DR_XX016,SL_0312,2025-08,6,0,0.0,6,1.0,,
麻酔科,DR_AN001,SL_0047,2025-08,371,79,0.213,371,1.0,8.0,64.7
麻酔科,DR_AN001,SL_0487,2025-08,5,0,0.0,5,1.0,8.0,
ＥＳＴ(倫理相談),DR_XX041,SL_0009,2025-08,1,0,0.0,1,1.0,,
ﾘﾊﾋﾞﾘﾃｰｼｮﾝ科,DR_XX010,SL_0142,2025-08,80,71,0.888,80,1.0,0.0,96.3
ﾘﾊﾋﾞﾘﾃｰｼｮﾝ科,DR_XX005,SL_0009,2025-08,2,2,1.0,2,1.0,0.0,
ﾘﾊﾋﾞﾘﾃｰｼｮﾝ科,DR_XX005,SL_0074,2025-08,1,1,1.0,1,1.0,0.0,
ﾘﾊﾋﾞﾘﾃｰｼｮﾝ科,DR_XX009,SL_0466,2025-08,1,0,0.0,1,1.0,18.0,
